"","0min","30min","60min","90min","120min"
"0min",1,-0.395560157462209,-0.292397072743641,-0.236807499848752,-0.38067925093486
"30min",-0.395560157462209,1,-0.179147165146168,-0.425175185066021,-0.323258199990856
"60min",-0.292397072743641,-0.179147165146168,1,-0.13049241333113,-0.125785764361551
"90min",-0.236807499848752,-0.425175185066021,-0.13049241333113,1,0.154221305499706
"120min",-0.38067925093486,-0.323258199990856,-0.125785764361551,0.154221305499706,1
